Actor Loss,Critic Loss
100,100
100,100
100,100
100,100
100,100
100,100
100,100
100,100
100,100
100,100
100,100
100,100
100,100
100,100
100,100
100,100
100,100
100,100
100,100
100,100
100,100
100,100
100,100
100,100
100,100
100,100
100,100
100,100
100,100
100,100
100,100
0.19228059,0.92053246
0.14048848,0.89319336
-0.04057271,0.8539889
-0.66574454,0.6126945
-2.5379837,0.21707979
-0.95448756,3.6494641
-0.33222193,0.23319736
-0.09021568,0.3519854
0.01876517,0.6341294
0.07190066,0.79983675
0.101675,0.9760328
0.119690955,1.0002573
0.12981994,0.944433
0.13211527,1.0078353
0.13360657,0.9559348
0.13018993,1.2846876
0.12027816,1.1880177
0.10602003,1.0620878
0.079514906,1.125688
0.03327424,1.0598583
-0.050415717,1.0474718
-0.20726128,0.90002275
-0.5234256,0.55581826
-1.1964666,0.29708466
-1.3430872,0.29627335
-1.037461,0.3728122
-0.8234672,0.13003099
-0.72699225,0.20191893
-0.7416177,0.23790915
-0.84572816,0.26340374
-1.0153189,0.21542367
-1.2272156,0.1752347
-1.2056731,0.2223945
-1.0156821,0.20837377
-0.8617563,0.14423749
-0.80793583,0.1716288
-0.8257078,0.17733547
-0.9556123,0.19283539
-1.1762781,0.11112584
-1.2915158,0.1885319
-1.221134,0.17406324
-1.1300526,0.1025344
-1.0233477,0.14746515
-0.9242523,0.14196447
-0.87683356,0.16833654
-0.943735,0.11191499
-1.0532345,0.14477573
-1.1805217,0.14131427
-1.2523386,0.13273942
-1.2417234,0.11871257
-1.1297824,0.12990342
-0.9964833,0.07659273
-0.9651046,0.1146823
-1.044817,0.13677372
-1.1780267,0.117986985
-1.2395349,0.06221264
-1.2659762,0.10320588
-1.1418109,0.10381093
-1.0369804,0.049262762
-1.0066282,0.0645456
-1.0764965,0.12572032
-1.2515451,0.15133467
-1.4458232,0.052125227
-1.3328593,0.113978006
-1.0159442,0.12815614
-0.92066425,0.3595378
-0.97154206,0.12982215
-1.120218,0.093495354
-1.3790112,0.23574357
-1.5656917,0.057453033
-1.4362166,0.34219563
-1.1376216,0.11297894
-0.97682416,0.31862026
-0.92908186,0.08277828
-0.9921336,0.14842528
-1.1182858,0.0797554
-1.2876754,0.14425932
-1.3620254,0.045921862
-1.3151872,0.18920921
-1.1800363,0.057978906
-1.02212,0.08578583
-1.0219479,0.25525394
-1.0741717,0.098024175
-1.2151675,0.13223916
-1.4262674,0.1485376
-1.564321,0.20308773
-1.2790219,0.28801358
-0.9989134,0.07953325
-0.8661226,0.10065789
-0.9156642,0.40092576
-1.1328812,0.41757256
-1.4519858,0.12528755
-1.6745946,0.14360458
-1.5237384,0.36839947
-1.1892054,0.23398174
-1.0598707,0.2699064
-1.0911579,0.25236592
-1.2097962,0.12839085
-1.3736508,0.1576532
-1.4823011,0.120991
-1.3442037,0.14347157
-1.1867647,0.053921707
-1.1274921,0.23317975
-1.0979972,0.089971006
-1.1687933,0.17815998
-1.288132,0.22216183
-1.2928085,0.10985346
-1.275794,0.18977326
-1.25122,0.063729405
-1.3161213,0.11733934
-1.3394384,0.07885855
-1.3212924,0.19983122
-1.278164,0.20107004
-1.2055801,0.058609728
-1.2186972,0.059962746
-1.1505542,0.108833104
-1.1582899,0.042586267
-1.1667778,0.08748565
-1.1796906,0.03767778
-1.205693,0.053903885
-1.3023854,0.092609204
-1.2437081,0.0942571
-1.2422811,0.043945625
-1.1753948,0.09841481
-1.1653476,0.052212026
-1.2094585,0.22145131
-1.3081429,0.22188044
-1.2749925,0.088027
-1.2305272,0.08739772
-1.2027531,0.11406194
-1.2706089,0.2278203
-1.3626137,0.20990616
-1.3500249,0.050054453
-1.3262316,0.044662468
-1.265516,0.07411873
-1.2847648,0.17508155
-1.2570026,0.04199455
-1.2209488,0.04725007
-1.2276603,0.055445023
-1.2197838,0.023034588
-1.1639227,0.052642103
-1.2011775,0.05291768
-1.2897053,0.030564502
-1.3091207,0.048673823
-1.2701625,0.07138872
-1.2286055,0.04648704
-1.2309021,0.07207741
-1.2825718,0.10001516
-1.2962129,0.08437194
-1.3577356,0.18919244
-1.3253672,0.13613637
-1.2304152,0.05478554
-1.1353252,0.064929724
-1.2974073,0.27194867
-1.3893623,0.0744794
-1.3042417,0.104069225
-1.248188,0.21661699
-1.1398408,0.06482872
-1.1849557,0.13140698
-1.2764345,0.077978596
-1.389591,0.19604936
-1.461277,0.19320726
-1.4196956,0.18944168
-1.2087055,0.03946704
-1.0486132,0.035604097
-1.2597194,0.37813258
-1.4356072,0.07378882
-1.5112262,0.09572729
-1.4723084,0.19683859
-1.425223,0.17848408
-1.2583361,0.08001869
-1.0927408,0.04037697
-1.0839462,0.07839962
-1.1666756,0.07037898
-1.319325,0.050299503
-1.4355234,0.09955233
-1.4610162,0.055169016
-1.3276993,0.11152837
-1.2102313,0.052689154
-1.1960093,0.060262613
-1.2581902,0.04936744
-1.4102454,0.18155874
-1.4678795,0.08923648
-1.4425344,0.06890489
-1.4425533,0.111809745
-1.2662514,0.10139637
-1.2241291,0.0878804
-1.2458653,0.10072164
-1.2566583,0.08234291
-1.3868873,0.07360049
-1.4549367,0.08843324
-1.3496783,0.08110477
-1.2015042,0.16348016
-1.5223656,0.18061155
-1.40892,0.12306058
-1.2344244,0.1186534
-1.1280956,0.07236326
-1.2391222,0.17202842
-1.3846998,0.13263024
-1.5880325,0.0941435
-1.4194868,0.21265537
-1.1967168,0.11866669
-1.1631589,0.2175102
-1.2310681,0.10337111
-1.3977377,0.14128143
-1.4547827,0.047000237
-1.5267563,0.22846335
-1.3656135,0.1349746
-1.1461475,0.21456578
-1.2551824,0.07826418
-1.2647866,0.07340519
-1.3541317,0.12818366
-1.6232057,0.21763256
-1.3866765,0.17351449
-1.0783921,0.090468705
-1.153333,0.14961569
-1.1355009,0.13524613
-1.5121377,0.37617928
-1.5537828,0.1608319
-1.3543413,0.24293672
-1.2315159,0.07754589
-1.2510746,0.04528534
-1.2145717,0.13718748
-1.1986365,0.12084958
-1.5597984,0.14389342
-1.5260515,0.16607827
-1.3213534,0.07878873
-1.220587,0.1393472
-1.1575048,0.12601835
-1.2023541,0.07050903
-1.338444,0.09247647
-1.5078176,0.180832
-1.8347882,0.25299865
-1.5155652,0.42968667
-1.1852698,0.21528235
-0.92126626,0.13690971
-1.0393791,0.39801764
-1.208339,0.20090497
-1.6141144,0.256577
-1.6830871,0.19934139
-1.4813241,0.28210717
-1.2861748,0.10434296
-1.1388092,0.0561694
-1.1287479,0.15051079
-1.2027848,0.15202811
-1.4541981,0.06694354
-1.6307235,0.08344877
-1.5626228,0.11231774
-1.29017,0.102128774
-1.192211,0.13696672
-1.1312896,0.15484436
-1.2278415,0.1257869
-1.4378312,0.15394765
-1.5550193,0.06496024
-1.5675083,0.08393558
-1.4542835,0.17658001
-1.2457578,0.07928003
-1.2140317,0.2031767
-1.2153182,0.075962335
-1.4176879,0.11694232
-1.6332957,0.2408387
-1.6263978,0.19201942
-1.4663358,0.10229401
-1.1944147,0.10623044
-1.0090222,0.07832958
-1.0779135,0.26148242
-1.2503641,0.30819148
-1.6436768,0.085972495
-1.7170441,0.1212937
-1.4685662,0.17679805
-1.2503352,0.12340139
-1.2965112,0.44295883
-1.3263013,0.11527486
-1.6002,0.2937379
-1.7029773,0.102937736
-1.6454883,0.22681606
-1.43431,0.09059632
-1.1749794,0.049854517
-1.1399041,0.05727511
-1.1755731,0.12217303
-1.4738152,0.19996867
-1.6334,0.059906878
-1.6836337,0.09749032
-1.5504174,0.13044374
-1.4476584,0.22322753
-1.3740038,0.10294174
-1.2168508,0.08648376
-1.2635393,0.10970433
-1.3072612,0.15484712
-1.607289,0.06295933
-1.8732923,0.124549374
-1.6098232,0.26037037
-1.316133,0.1142575
-1.3210725,0.12951514
-1.367679,0.2860275
-1.5424079,0.09193603
-1.7372172,0.1866085
-1.693029,0.1311853
-1.365072,0.13288334
-1.2168981,0.08357081
-1.2467831,0.085323244
-1.3451614,0.08853322
-1.4542503,0.1391908
-1.7663422,0.09998538
-1.6403995,0.16461208
-1.334233,0.04101263
-1.2351526,0.10429412
-1.2161976,0.14271794
-1.4218719,0.17311954
-1.7493231,0.06618687
-1.8231945,0.06599475
-1.6882583,0.16674525
-1.4704869,0.20784353
-1.2762055,0.25770378
-1.3350246,0.13332924
-1.5081197,0.14825939
-1.614917,0.05254998
-1.7291597,0.1902273
-1.7321829,0.27830663
-1.6087265,0.16747269
-1.4831693,0.067999266
-1.3618112,0.19231582
-1.2974906,0.25633553
-1.5910621,0.091361545
-1.6728442,0.046872895
-1.5805082,0.12661244
-1.636209,0.1401893
-1.4994695,0.12686141
-1.5302823,0.28589487
-1.6092579,0.14459515
-1.8078547,0.30315053
-1.7222424,0.15037473
-1.6214359,0.28685987
-1.5000553,0.053774215
-1.4884402,0.10675503
-1.5609995,0.12971812
-1.5831329,0.120721124
-1.7892379,0.116703555
-1.6963534,0.100928985
-1.613279,0.13205348
-1.6990056,0.18061127
-1.6599417,0.03621048
-1.7162609,0.25612503
-1.6405218,0.08171687
-1.673084,0.39813128
-1.6764865,0.13084777
-1.697732,0.110496216
-1.5988308,0.082425
-1.6079271,0.18989515
-1.4913733,0.035318483
-1.645104,0.080255635
-1.6967958,0.08973391
-1.7545173,0.12057774
-1.7570658,0.12992384
-1.6569483,0.07475762
-1.4206347,0.075965226
-1.4478679,0.057603378
-1.5165031,0.118272096
-1.7944832,0.1625176
-1.9417635,0.1440918
-1.7826256,0.19554538
-1.4084613,0.0725579
-1.4176908,0.21432565
-1.5617565,0.20049688
-1.7686224,0.24974962
-1.8620543,0.16291218
-1.6649883,0.17201896
-1.5964315,0.18281418
-1.5657408,0.0727938
-1.6226242,0.20700014
-1.7993944,0.1422213
-1.8351662,0.17098027
-1.7292035,0.18289287
-1.6983219,0.23355407
-1.6677333,0.16370139
-1.633244,0.10661133
-1.6267734,0.1253533
-1.8448036,0.2355342
-1.7811712,0.13393648
-1.6574131,0.085397966
-1.6382073,0.17984056
-1.5738068,0.08374385
-1.7347662,0.1253053
-1.901782,0.093096435
-1.7956988,0.19790098
-1.6227734,0.07374005
-1.5179378,0.0704236
-1.8513951,0.36953932
-1.9883032,0.081221305
-1.7489388,0.3050245
-1.4542801,0.06285048
-1.6624304,0.23804599
-1.9670436,0.22115056
-1.8876843,0.14171124
-1.7506385,0.12412079
-1.6210771,0.09677268
-1.5591924,0.3203817
-1.7249045,0.054633968
-1.7920363,0.10349535
-1.7617803,0.08361021
-1.7182871,0.08129294
-1.7234843,0.1380087
-1.7044641,0.05434785
-1.7930293,0.2304308
-1.7910666,0.11676635
-1.7096281,0.060759343
-1.5977345,0.04590054
-1.6814481,0.24325514
-1.7783585,0.06333357
-1.9364552,0.18511495
-1.7240367,0.23687088
-1.550245,0.12550154
-1.5395701,0.14015295
-1.6742098,0.053059086
-1.917759,0.11150354
-1.8857006,0.08364174
-1.6956359,0.08950975
-1.499377,0.05981525
-1.7167382,0.2270191
-1.8883319,0.113837376
-1.8150721,0.057845768
-1.7789522,0.14146625
-1.8189371,0.29516977
-1.8789918,0.16656321
-1.9064274,0.11461443
-1.7211752,0.09126236
-1.8090729,0.0817136
-1.7846522,0.24025759
-1.8354023,0.12368389
-1.8555863,0.11333236
-1.959456,0.10571935
-1.7732241,0.12021056
-1.5150595,0.04852122
-1.6596907,0.13877966
-2.1127818,0.12023197
-2.0603323,0.1214865
-1.7391012,0.31073737
-1.4726789,0.09913163
-1.5877078,0.16022614
-1.7905934,0.06591667
-1.8790805,0.09124924
-1.8699188,0.12841977
-1.7763969,0.07024686
-1.9267218,0.15589777
-1.9796156,0.12313
-1.9759388,0.12062514
-1.6999222,0.07594009
-1.5122454,0.18495876
-1.7112705,0.12817284
-1.9914048,0.09602409
-1.9754636,0.08640563
-1.909261,0.16816893
-1.5662746,0.14158629
-1.4305955,0.08415181
-1.6396708,0.2671455
-1.9589052,0.062955864
-2.123625,0.09482241
-1.9124441,0.15795428
-1.8867376,0.22737822
-1.851094,0.08514714
-1.7957656,0.1270786
-1.8265555,0.08694133
-1.9711745,0.10526186
-1.9453125,0.08856478
-2.0663419,0.27304053
-1.9897873,0.09936337
-1.7940359,0.16208714
-1.6243583,0.078183435
-1.8410934,0.124281764
-1.0975777,79.79461
-1.038621,0.8222623
-1.3880823,0.9505752
-2.2609704,0.25430205
-2.2769768,0.38250118
-1.790786,0.3114531
-1.4654799,0.119040474
-1.2980914,0.119854204
-1.3913438,0.2900849
-1.7755263,0.22174832
-2.2930455,0.22240455
-1.4469491,80.10767
-1.1503578,0.40148973
-1.0829982,0.5639689
-1.3532555,0.57610893
-1.9848981,0.698491
-1.7127287,79.20542
-1.5660902,0.21998093
-1.4573874,0.21534573
-1.4357393,0.29101953
-1.6791265,0.25830975
-1.8878516,0.2164228
-1.8248119,0.23290876
-1.4990649,0.1643719
-1.4279466,0.7714547
-1.8758198,0.64065707
-2.2212415,0.21987441
-1.2369058,79.58059
-0.8538177,0.38238102
-0.76883006,1.257152
-0.8542731,1.0451989
-1.1447674,0.8028904
-1.7627716,0.9095075
-2.5830498,0.20823942
-1.5766864,81.257576
-0.8535337,77.53016
-0.63332784,1.1472164
-0.56338733,3.1570039
-0.5877117,1.8755486
-0.7539675,78.57786
-1.0746231,1.2574776
-1.7113876,77.463005
-2.4986062,0.28571472
-1.9688048,1.5476519
-1.3388616,0.43146965
-1.1166327,0.55516595
-1.0459667,77.72166
-1.0360659,0.7204802
-1.2231327,0.67201674
-1.5455115,0.43178532
-1.7481976,77.37403
-1.8336693,0.18910913
-1.6845102,1.4454991
-1.5677335,0.34220827
-1.5840245,0.3183874
-1.7223047,0.29104584
-1.8243295,0.26266512
-1.5243019,77.49196
-1.4785676,0.16946566
-1.5083146,0.3192151
-1.6548374,0.3431669
-1.858959,0.33771318
-2.03912,0.3855105
-1.8603585,1.5467975
-1.227365,79.07454
-0.85861945,0.53605896
-0.69181633,77.62174
-0.7441032,1.175191
-0.817998,1.3934636
-1.1067815,3.7489781
-1.5446876,0.38503158
-2.1090775,4.1755333
-2.2299523,0.5377791
-1.6624272,79.085976
-1.1419662,0.25667816
-0.9182112,78.61387
-0.86184835,0.9491749
-0.90044546,78.10752
-0.90693355,77.397
-1.0201728,3.1018643
-1.6574442,0.7516707
-2.1187243,0.4496186
-2.0740721,1.131402
-1.7318373,77.967964
-1.3501279,0.383623
-1.1255028,0.26160598
-1.0608051,0.4994526
-1.1246247,0.7162018
-1.2272955,0.60851586
-1.4657652,0.57008636
-1.4756141,80.19585
-1.5531735,0.37421972
-1.5710206,0.38428497
-1.554077,0.27371386
-1.5933142,0.2795432
-1.5875616,0.54269826
-1.7104897,77.23435
-1.6222475,0.30159718
-1.5144393,0.1898354
-1.4705216,0.31888175
-1.27437,0.28332984
-1.3374096,2.9602036
-1.3799244,79.91666
-1.3628212,77.33215
-1.4422438,0.24682453
-1.5272083,0.2801888
-1.4969418,0.22350582
-1.5653372,77.09326
-1.5555261,0.23185073
-1.5551834,0.2249943
-1.5433195,0.28951412
-1.419898,0.18996587
-1.2588229,78.644104
-1.2023824,3.2265422
-1.318759,0.3889717
-1.1702676,76.78295
-1.3081421,0.40760046
-1.0301244,76.57987
-0.3323589,76.027855
-2.75093,3.313044
-2.1677523,77.0359
-0.9557622,2.260486
-0.71028113,0.76893526
-0.19748314,150.6076
0.43461356,76.39633
1.646488,75.014885
-0.22889002,11.22567
-1.4651284,2.8465672
-2.4170198,0.45358437
-2.58473,79.351265
-2.2410102,1.1622491
-1.574698,3.8140097
-1.2056389,0.22219518
-0.93184173,77.42399
-0.75951976,0.73991394
-0.79131174,78.06227
-0.794973,0.8571436
-0.9283096,0.96434015
-1.0100946,2.0678856
-1.3946326,0.6732353
-1.5345612,78.22208
-1.8922081,77.623955
-1.7930436,79.386925
-1.498123,77.70972
-1.371596,0.45432904
-1.2503119,0.2995874
-1.2859436,0.24380398
-1.2403034,0.35441953
-1.4088249,0.122009836
-1.2858331,78.5306
-1.2830993,0.23037252
-1.4660816,5.8907495
-1.4822311,77.43923
-1.5087428,77.378006
-1.4581815,0.5758702
-1.7164786,0.34533316
-1.5320125,0.28060558
-1.5914929,0.18912813
-1.7237856,0.36654234
-1.5519532,0.3863262
-1.2322538,0.54145825
-1.1040349,0.31140655
-1.0973,0.5452949
-1.3032153,3.3419993
-1.2601666,77.07322
-1.3379681,77.573395
-1.4262638,0.2691409
-1.4125621,0.23818356
-1.4978082,1.4955521
-1.2031665,154.25659
-1.361136,2.9777598
-1.0305665,77.20757
-1.0517958,0.4534984
-1.3007219,3.0513935
-1.435698,0.27062362
-1.3801227,77.14046
-1.4672142,0.33642516
-1.5736446,0.40673798
-1.310761,78.06062
-1.0066373,2.045434
-1.0515245,0.525969
-1.1154655,0.356304
-1.3506944,0.60603154
-1.0615063,2.862961
-1.5206696,4.3118353
-1.6589005,0.31486183
-1.8061827,0.20314257
-1.6247232,0.71866494
-1.4985905,0.2793608
-1.2487177,0.5187934
-1.0621083,0.30932558
-1.1017812,77.26666
-1.1924609,2.070811
-1.278554,0.5380705
-1.497159,0.33847937
-1.5318677,1.9009075
-1.8125532,0.17957985
-1.9569517,3.001045
-1.8537722,0.28376082
-1.2193029,82.35578
-1.153522,0.23847169
-0.94756186,0.6921214
-0.9529573,0.4977781
-0.8416861,0.722649
-1.0209414,77.40346
-1.2175385,0.51851505
-1.2837436,77.25445
-1.4673586,1.7752057
-1.7883613,0.13994902
-1.678606,3.0397732
-1.6459723,0.34448403
-1.5591956,0.12734495
-1.4543711,0.27926898
-1.4594365,0.14138462
-1.2837173,80.750885
-1.1123085,77.281235
-0.90825343,1.3769802
-0.86520654,77.64867
-0.88165593,0.60279465
-0.97474116,0.56025195
-1.0957985,0.5842626
-1.4996551,0.6389385
-1.5130095,77.00912
-1.6368083,77.79485
-1.3105711,3.0840611
-1.3433874,0.43628
-1.155215,0.32739803
-1.400636,2.0953596
-1.3320082,0.35691425
-1.5453112,0.5620987
-1.2834688,1.4073836
-1.3934994,0.41930115
-1.3758259,153.19543
-1.2021024,0.27118647
-1.1965406,0.45341372
-1.1088558,0.34312475
-1.4663281,0.48862413
-1.535942,0.33761656
-1.4614286,79.73874
-1.3702033,76.69213
-0.83078057,76.30789
-0.85363805,0.55737233
-1.1457791,0.82286626
-0.88579476,75.568275
-1.3527876,0.7271363
-1.6748247,0.8210324
-1.4729424,0.6859169
-1.1699402,150.53601
-0.7264908,0.901622
-0.82989144,1.2906058
-1.1985703,3.2225335
-1.4940724,0.7499898
-1.4870733,2.956258
-1.3224323,0.30659628
-1.4204373,0.39713648
-1.1148515,76.31192
-1.3701383,76.553345
-1.3103123,0.40825737
-1.496788,2.858394
-1.5064458,0.24285558
-1.620373,3.1898074
-1.695998,0.19979899
-1.4496497,76.44411
-1.4169284,0.23269215
-1.3985373,0.20907092
-1.4987555,0.42596206
-1.1337668,3.0579963
-1.2632691,2.8661406
-1.3968439,0.18470666
-1.5194647,0.2705199
-1.4415675,76.47333
-1.5287994,0.320531
-1.487338,0.2938708
-1.4036947,0.40779257
-1.2318554,0.21358825
-1.4525942,2.6623993
-1.4902041,3.0995512
-1.5733942,0.25755566
-1.6963601,0.18196547
-1.3742514,2.9120061
-1.5195282,2.6626608
-1.4426793,0.26939663
-1.5291216,0.25880075
-1.3259015,78.03877
-1.1892364,76.22181
-1.132468,1.2690171
-1.3296554,0.7400578
-1.6682539,0.41677958
-1.8614914,0.22427043
-1.8402632,0.9447073
-0.9400696,79.78975
-0.8066157,0.4224303
-0.62480384,1.1413506
-0.59534436,0.98083496
-0.95074165,1.7475376
-0.9535466,77.14663
-1.1919034,0.7249644
-1.415081,0.3645744
-1.613904,76.1178
-1.6949296,0.30057216
-1.483295,77.01983
-1.3516202,0.5875484
-1.0690081,0.46653867
-1.0891547,0.44999266
-0.95003724,0.5771386
-1.2811532,0.5496181
-1.2973235,76.271126
-1.461925,3.06948
-1.46191,2.7608159
-1.6032233,0.3785384
-1.7171019,0.31152722
-1.7821327,0.36780965
-1.7461224,3.1565063
-1.5540965,0.41540366
-1.4613808,0.41297847
-1.4407783,0.5992706
-1.3979034,0.29118496
-1.4373351,0.16675435
-1.4271019,0.25328466
-1.4787712,77.10039
-1.704226,0.19667085
-1.2749674,158.34558
-1.3566691,0.32632726
-1.3813431,0.6614403
-1.2092843,0.26319993
-1.5636085,0.47556922
-1.7433916,76.53335
-1.7914186,0.34804046
-1.4989502,4.437703
-1.1535915,2.9512112
-1.3297337,0.6200378
-1.1641579,0.5568198
-1.4917228,0.58448
-1.491596,76.067
-1.7585018,0.3417335
-1.5613568,76.1028
-1.6568387,0.59545815
-1.2064316,0.22225055
-1.2408307,0.3489149
-1.4890573,2.7433555
-1.5073867,0.36954495
-1.5342923,0.35128337
-1.4776536,3.9652185
-1.6873351,0.26101536
-1.6902391,0.2207906
-1.6958716,0.19156349
-1.5819488,0.13890785
-1.6999763,0.23509337
-1.5724447,3.1061332
-1.7747118,0.12268448
-1.4552358,79.611725
-1.5096202,0.14602146
-1.8381456,0.091062814
-1.6725945,2.7669818
-1.6981589,0.09696227
-1.5180674,0.16910955
-1.6026206,0.2533344
-1.7233633,76.66654
-1.6667484,0.21007407
-1.7241194,3.1620867
-1.7008623,0.2764637
-1.8358804,0.2551561
-1.7224878,0.4607545
-1.3594356,0.11566763
-1.0914644,78.32752
-0.97354007,0.6466987
-1.0154476,1.1021149
-1.0731894,0.39935964
-1.4983164,0.57341594
-1.6934564,0.27010572
-2.2008164,0.1723063
-2.0787284,0.42175135
-1.7968135,0.2934001
-1.7129991,0.40995365
-1.4120018,77.28507
-1.2618752,0.40049523
-0.89889675,77.00712
-1.043474,3.7838717
-1.2813927,0.77479106
-1.3887125,3.1557856
-1.7085513,0.39975783
-2.0840244,0.28171578
-1.9716086,0.9345144
-1.7566818,0.47231585
-1.5117813,3.0944839
-1.0647569,76.250496
-1.2265489,78.21172
-1.3596106,0.72231597
-1.693346,0.54487574
-1.5068474,78.43537
-1.6306596,76.15593
-1.0285506,75.83443
-0.6977909,0.8896064
-0.47514385,1.5791612
-1.2405194,1.3986182
-1.5740428,1.0024235
-1.5260661,2.898557
-1.7036214,0.7262507
-1.6298866,0.19307005
-1.60173,0.38762754
-1.592581,0.38383824
-1.5392041,2.8239079
-1.7698389,0.13189153
-1.8856132,0.09402624
-2.0404363,1.7936437
-1.8429239,77.85099
-1.5386063,77.81828
-1.4631402,0.22295839
-1.6537163,0.3630488
-1.5278014,0.09564481
-1.624928,0.38960823
-1.8515034,0.2463513
-1.8463087,0.10665956
-2.141245,0.18776469
-2.0268147,0.16222432
-1.7611222,0.78878754
-1.4978112,0.23668844
-1.5282042,0.32115903
-1.4819953,76.994316
-1.6217413,0.28311107
-1.5331122,0.1582898
-2.1016512,0.28663477
-2.1935678,2.8141875
-2.011713,0.520449
-1.7854476,0.12614574
-1.5850177,0.118894495
-1.4379784,0.24957311
-1.4105778,4.22468
-1.5959493,0.37939775
-1.8159394,0.28369227
-2.0538244,0.13152564
-2.1436963,0.2113528
-1.9315032,3.2081451
-1.8364586,0.30655634
-1.4585124,1.6670685
-1.5272282,0.3347707
-1.2483866,77.11399
-1.4661537,0.2771613
-1.7022654,1.37692
-1.918673,0.6217102
-1.9358385,0.14223525
-2.0968125,0.37113845
-2.3303323,0.18361604
-1.8755329,0.26295727
-1.7355938,0.25071594
-1.5971797,0.1915234
-1.2741878,76.75588
-1.1133765,76.28669
-0.904871,78.22504
-0.8332356,0.86542785
-0.7444142,76.178406
-1.2671182,1.3305786
-1.4115015,3.1079705
-2.097105,0.8707837
-2.0601158,1.1853061
-1.6215382,1.0016598
-1.1610559,75.439026
-0.902081,4.0191536
-1.0556555,1.0146865
-1.3430885,0.9695205
-1.7295309,0.6631156
-2.0758705,0.30215245
-2.1410937,0.5097449
-2.0460618,0.44761172
-1.4635024,77.811806
-1.4963396,0.20417775
-1.5089836,0.4890495
-1.6893921,3.347045
-1.7550112,0.22873917
-1.7010133,76.72879
-1.6417215,2.7613447
-1.8994426,1.7987
-1.9564329,0.16754982
-1.9409084,0.506384
-1.632488,76.8065
-1.5426593,0.25813377
-1.5313568,0.36252406
-1.6961923,76.10736
-1.2448559,78.26086
-1.2294238,0.6033431
-1.2078028,3.2179654
-1.5035273,0.9278606
-1.5341147,1.1407039
-1.8036174,0.94457597
-2.125968,2.6026669
-2.0432794,0.46094224
-1.9848615,75.85749
-1.8161802,0.33569148
-1.6611946,0.47394776
-1.5089005,0.58726496
-1.3385587,152.28067
-1.5420611,1.5679684
-1.8111196,0.5439309
-1.9642966,76.18742
-1.6681554,0.34701204
-1.6421295,76.166084
-1.3431882,75.49721
-1.0738056,75.27468
-0.9756961,1.4969991
-0.47361994,76.35575
-0.59521204,75.15766
-0.6611901,6.00334
-1.9089477,3.576478
-2.0428877,3.8218365
-1.7625529,0.34264618
-1.6091436,0.29854855
-1.7843736,0.9441565
-2.080145,1.0760812
-2.2931259,0.78422093
-2.398922,0.87123936
-2.3702445,0.57404906
-2.3600712,0.2971909
-2.3769917,3.6296341
-2.1159198,0.15878081
-2.2632015,0.26197654
-2.1163192,0.3099768
-2.120472,0.447304
-1.780795,0.29593906
-1.7302231,0.09291537
-1.6747776,0.17135397
-1.6670806,77.62998
-1.8403983,2.970085
-1.9186199,0.35381365
-2.2128644,0.075655185
-1.9966488,77.90974
-1.9758537,0.15278128
-1.9395552,0.41256857
-1.8148128,1.8647852
-1.6932986,0.29287395
-1.8802788,2.8997102
-1.9164034,0.20788668
-1.9339142,0.23510365
-2.1464953,0.31650335
-2.0198426,0.42900255
-1.8876138,0.15813592
-1.8999865,0.23055957
-1.7171891,0.6948145
-1.5853826,0.45148066
-1.6234504,3.0068598
-1.7242477,0.39473385
-1.9515576,0.25636852
-2.20041,0.112713315
-2.3458753,0.3194086
-2.30284,0.14328548
-2.0852556,0.18385269
-1.9323697,0.19485584
-2.020093,0.2579594
-2.0519462,0.31413543
-2.046802,0.2701773
-2.4070578,0.12928563
-2.092235,78.75181
-2.2561042,0.7091253
-1.8861394,0.11399198
-1.8891566,0.32419106
-1.8019738,77.93169
-2.0061378,3.281571
-2.1106484,0.12671518
-2.30264,0.15714814
-2.259463,0.2651457
-2.2122004,0.25878438
-2.0581656,0.11703012
-1.779195,0.56272745
-1.2876186,79.11803
-1.3725297,78.02049
-1.487789,0.9998303
-1.7169607,0.8366364
-2.2448087,0.72210175
-2.2716675,153.54063
-2.3726027,0.43611246
-1.8097332,2.185882
-1.636615,0.3299361
-1.740103,0.3972663
-1.6563058,1.0252101
-1.8639387,0.5495523
-2.007265,0.64577734
-2.0661094,1.8738871
-2.4560926,0.5530515
-2.2231116,0.32602456
-2.0736628,76.43882
-1.8565817,0.26945195
-1.6944382,0.2943261
-2.0247657,0.40885893
-1.9232018,0.44812936
-2.1212447,0.26034373
-2.191144,3.1516387
-2.3552814,0.11277523
-2.1929226,0.4108558
-2.0717678,0.22339961
-1.839816,0.2980457
-1.8920275,0.27953175
-1.7147712,0.27116865
-2.2679079,0.2298286
-2.550737,0.269445
-2.3818672,0.15616441
-2.520738,0.45258558
-2.2554033,0.21064538
-2.11325,0.12789337
-2.0166037,3.192153
-2.0157657,0.18759045
-2.0604239,0.3149798
-1.7409409,81.077034
-1.7429318,1.0703257
-1.523402,80.67026
-1.9089301,0.61617243
-2.0020676,0.35103658
-2.0619512,79.10389
-2.259939,0.25979137
-2.1099617,0.30453375
-1.9996321,0.45096618
-2.2336698,0.32759124
-1.6868101,2.9526887
-1.9943969,3.2258878
-2.124183,0.5216296
-1.9552149,0.5877478
-2.1034198,0.5591526
-1.9752389,0.5261875
-1.7712572,2.8407276
-2.0032046,0.21127123
-2.3661447,0.3474599
-2.1288776,78.69578
-2.0590644,0.13755631
-1.7916858,0.0605914
-2.0236282,0.32347304
-2.2747705,0.36808693
-2.2289755,0.28594464
-2.2668467,77.30103
-2.1829937,0.34051198
-2.4857378,0.4105655
-2.2955043,0.4697786
-2.3802814,0.43618208
-2.4869246,0.20142668
-2.1258407,0.37716073
-2.429358,0.2808893
-2.5252407,0.13895486
-2.2670386,0.13719672
-2.258399,3.0679762
-2.1487021,0.17140481
-2.0773416,0.083305344
-2.1683953,1.4978435
-2.2397728,0.32980695
-2.5276165,1.2996106
-2.4566479,0.28695017
-2.6688614,0.2332924
-2.3628201,0.18565416
-2.3256645,0.12618266
-2.1926231,0.18159172
-2.198079,2.8117015
-2.215207,0.34066173
-2.6671686,0.4004664
-2.8903675,0.2621755
-2.744534,0.39701992
-2.6014123,0.45570263
-2.3383882,0.3320158
-2.106131,0.14015943
-1.9185946,0.17479551
-2.19957,0.3859557
-2.3464308,0.2509929
-2.8162084,0.22228828
-2.7768795,77.68127
-2.700743,0.3298529
-2.5469267,0.4011723
-2.1887238,0.38353544
-1.9049034,76.84549
-1.8798174,0.4230383
-1.7494414,0.7395072
-2.1939912,0.41439813
-2.6618886,0.35004956
-2.682024,0.40552545
-2.8534873,0.3879751
-2.1277876,0.44941038
-2.150025,0.18115926
-1.9411693,0.38555562
-2.2042985,0.4282379
-2.3237314,0.3303055
-2.2189422,3.9927933
-2.2595022,1.0356349
-2.43324,0.15258071
-2.2090518,0.6888444
-2.3616161,0.25620675
-2.1693835,79.60933
-1.806332,2.8339224
-1.7895553,3.4783566
-2.2860315,0.66870177
-2.0576887,80.119576
-1.9415052,0.23713802
-1.9036746,80.59266
-1.942479,0.44964832
-1.8586777,0.56801224
-2.3173957,0.9000198
-2.8370419,0.6371609
-2.8674183,0.8621876
-2.2193358,1.083135
-1.910833,1.3461013
-1.7457299,1.4890683
-1.6947745,77.879364
-1.8263929,0.84761024
-2.4992886,0.6456479
-2.119059,0.9316029
-2.5681286,0.4403355
-2.398364,0.28224146
-2.193902,76.63586
-2.2327538,0.53558356
-1.8974788,3.1679378
-1.9245453,0.37874818
-2.355864,0.5423348
-2.6124954,77.07455
-2.711578,0.23134983
-2.9657907,2.885186
-2.894915,0.63632536
-1.5766969,87.944046
-1.0400131,1.9590149
-0.89073324,3.979133
-0.83211386,3.6745431
-0.9352943,3.779436
-1.2587802,7.991089
-1.9190028,2.3625984
-2.7479935,81.15339
-3.698792,0.4945175
-3.2176948,2.3356767
-2.2516174,1.9039192
-1.3755869,80.30873
-1.1537964,78.76746
-1.1320542,3.6798968
-1.085887,1.7333927
-1.5740731,7.055377
-2.186995,84.602554
-3.1249208,0.61940217
-2.635954,77.60713
-2.1193194,0.43961585
-2.026944,81.80748
-1.8297836,0.69459057
-2.297668,0.73975134
-1.538866,0.76026213
-1.9058952,1.8000286
-1.7432013,75.96063
-2.0000718,1.0500536
-2.1286182,75.10797
-1.8711805,0.82070833
-2.7774806,5.7649856
-2.4683242,0.8518054
-2.6478717,0.9876145
-1.9425602,0.5043764
-1.9342455,0.44768754
-2.097587,3.352715
-2.1700678,1.6297966
-2.4373717,76.180725
-2.5665965,0.5393051
-2.6804094,0.3116722
-2.2774394,0.5408917
-2.3036718,76.11837
-1.9252243,0.29876125
-2.1973357,0.71254885
-1.939919,79.04831
-1.7984815,77.50254
-1.9020016,0.8384621
-2.3002977,74.534805
-2.5948462,5.9338183
-2.8270724,3.3538532
-1.3896661,72.9765
-1.4114125,4.168912
-1.3166635,2.7597518
-1.7283039,5.2353354
-2.0996585,2.0348327
-2.2212877,78.4698
-2.2365897,0.35631567
-2.1794076,0.33689868
-2.5489824,76.51067
-2.4018824,0.17108962
-2.7773805,0.18980044
-2.2277126,80.86389
-1.9828025,0.6908277
-1.780552,0.52402556
-2.2723706,0.81456244
-2.2596886,0.7575464
-0.13206944,21648.637
0.55178285,6.341964
0.504664,10.847306
0.3778345,24.146034
0.24721655,20.868038
0.15356839,76.28002
0.14772129,9.496534
0.1344375,7.019045
0.13373443,11.741557
0.07917738,7.7767334
-0.2273366,7.8157606
-2.1182652,5.678719
-2.1622229,156.11905
0.54612756,18.866112
0.27166027,7.0478225
0.23662093,86.03777
0.19452691,6.8677754
0.18658862,82.74748
0.18165532,8.115427
0.18433829,83.064186
0.1770603,5.1246977
0.18206765,5.7685404
0.16521612,4.480748
0.160584,3.7460365
0.1638723,3.7206717
0.15559627,4.489221
0.14708808,82.56262
0.14330755,3.9363616
0.14475513,3.3292704
0.14440121,3.4566896
0.13639496,3.8296235
0.13168526,2.5323277
0.13383476,4.439129
0.14235096,3.1155877
0.13873467,3.0478501
0.13708484,2.718316
0.12734503,2.4899807
0.132294,3.3464704
0.13663307,3.3671732
0.13045894,2.0221715
0.12340465,1.9608679
0.12938602,5.5709352
0.12409307,15.410469
0.11774336,2.2760959
0.124373734,2.2621493
0.12409331,2.5412228
0.12452072,1.6604612
0.12858161,3.0551348
0.13094202,2.6820521
0.11551771,1.807311
0.12134889,2.0117092
0.11755813,3.0293148
0.12107988,79.30145
0.117246345,1.8283718
0.113213524,2.0091405
0.12028728,5.266945
0.11720661,21388.822
0.116430305,21387.707
0.12690777,6.172781
0.12789571,1.7358987
0.12522781,1.4415617
0.13512513,2.0234537
0.12667276,1.788836
0.13125753,2.077965
0.140533,1.8161204
0.13403264,1.8497036
0.14065729,1.561103
0.14238521,1.7147909
0.13974053,79.90918
0.13187975,1.6111815
0.14181238,78.76444
0.1430327,1.8921993
0.13913351,1.7966653
0.14164865,1.8965652
0.14197621,1.995873
0.13776672,2.8693845
0.14201905,1.9124762
0.14583725,1.5421951
0.13749608,1.619463
0.14466533,3.6221933
0.14360416,1.845798
0.15554987,2.5800993
0.1370312,1.9676168
0.14265485,2.2872808
0.1372621,78.28286
0.1444555,2.312225
0.14836404,4.0498466
0.14844486,90.31832
0.15012132,1.418855
0.14489454,5.956419
0.14946724,2.246221
0.14914165,1.7313347
0.15035221,2.0324225
0.14525272,1.3239851
0.14504978,4.565002
0.14459394,3.4500103
0.14811674,2.0722995
0.15097977,2.0190644
0.15214758,2.728966
0.1495254,1.4690915
0.15807068,1.758315
0.15200043,4.659601
0.14726609,1.8157811
0.14879185,2.008471
0.14382368,2.0463855
0.14690249,78.71405
0.14289275,2.1308928
0.14780614,2.3138509
0.15606527,4.2263913
0.14629468,8.517104
0.14713803,1.843985
0.14577648,5.175988
0.14660612,6.173044
0.14484736,1.0167801
0.14988023,1.8862854
0.15387681,2.2569692
0.14252576,21388.479
0.14586455,78.93091
0.14858101,1.0775512
0.14278069,1.7784913
0.14517125,8.8404045
0.1486879,2.3789368
0.14656255,2.7305284
0.14964099,3.1447093
0.14559805,78.420906
0.15864782,1.8014641
0.15081713,2.6077006
0.1551409,2.6227088
0.15326403,1.620928
0.15555733,1.7998803
0.15697229,2.392352
0.14984408,13.288553
0.1542114,2.0389357
0.15576439,2.2251713
0.15569724,2.9906957
0.15647122,1.6605248
0.15724248,4.757223
0.15473613,2.319607
0.15680824,3.4454503
0.15585352,16.838572
0.1560883,77.79181
0.15923733,2.0085766
0.15572302,77.8666
0.16099918,2.5823355
0.15346508,79.263855
0.15934812,2.2785537
0.16113037,79.328896
0.15617451,2.1652021
0.16369562,2.12796
0.1553368,1.0876192
0.16049846,9.037184
0.15968877,77.75492
0.16658254,3.0672433
0.16065088,2.1359205
0.16520692,1.8381416
0.1633844,2.7004642
0.16239446,1.7460295
0.1620739,1.6511018
0.16419488,82.04751
0.16801299,2.3285406
0.16639528,2.4894888
0.17044073,2.744695
0.16615573,1.8172666
0.16609588,1.8883362
0.15820085,3.9368615
0.16837502,2.3765526
0.15683466,1.5765576
0.16110869,2.0714545
0.16076168,2.3055882
0.16461909,4.7832127
0.1660639,1.8800642
0.16231158,3.2928984
0.15550217,5.033517
0.15639609,19.714382
0.16296577,4.1513224
0.16890818,2.673564
0.15316391,79.452065
0.15490988,1.265862
0.15545994,83.180954
0.1563265,83.2352
0.16091682,2.6959338
0.15606275,2.0575652
0.15208794,2.2056026
0.1508717,4.2480907
0.14991485,2.5254278
0.14902696,1.6680897
0.15350185,1.6535128
0.14876235,2.5518808
0.14584887,2.3846118
0.15597814,1.5005658
0.14586161,79.74923
0.14076942,1.1362586
0.15227118,1.9815724
0.14981705,1.7299588
0.14100447,86.58118
0.1468671,2.4112964
0.14625388,2.0717328
0.14270845,20.651873
0.1467862,1.8431642
0.14292535,1.9954102
0.1416077,19.37693
0.1347133,1.7551407
0.12954979,1.3701823
0.1382381,1.9081203
0.13699763,79.14962
0.14189105,4.3156853
0.13825443,2.265092
0.13367614,1.7950691
0.13713273,3.7838144
0.13003013,1.626118
0.13862872,1.9288554
0.12971252,1.5191326
0.12906733,77.59935
0.13374019,79.605194
0.12605569,1.8216383
0.13155529,1.9849772
0.13060212,79.09612
0.13247043,13.143847
0.13529555,1.7375803
0.1399684,79.54037
0.12697366,35.001724
0.12821724,2.8566399
0.1284463,2.1236324
0.12370173,0.9969981
0.13716054,5.138278
0.12699044,1.7305273
0.12333205,2.0276923
0.13549474,1.9703721
0.12267942,13.636337
0.13020816,19.662752
0.12345092,4.970312
0.12102458,1.8400543
0.11880536,2.1338816
0.121973634,1.6718943
0.12455463,1.4151976
0.12057689,1.7542796
0.11462653,1.3748643
0.124031246,86.81358
0.108800694,2.167865
0.105934665,24.72017
0.113375515,1.7710304
0.109196395,1.6965706
0.11125803,2.1097589
0.10158321,2.3146014
0.1086862,2.7755423
0.1097317,1.5424047
0.1121976,2.0626202
0.10390586,2.2519944
0.09976954,78.358055
0.10805471,3.3418746
0.09652545,1.1727656
0.099973425,1.7126176
0.097115695,2.0028949
0.09665922,1.0558059
0.09812978,3.0338411
0.09666413,86.128914
0.108257145,1.9647408
0.08936536,18.629051
0.10017564,79.24796
0.09488514,3.644834
0.09301579,21468.941
0.10634985,1.8699641
0.092546314,2.3960238
0.09421128,2.3846364
0.09720306,1.6344609
0.09699057,79.10341
0.09973722,14.308959
0.08827087,1.8622993
0.10107133,1.756629
0.09039176,2.2680123
0.09710385,79.20086
0.10718228,1.7791436
0.092858315,19.550423
0.09484539,79.64391
0.09836525,80.00748
0.09348597,78.47713
0.104215875,1.9960372
0.10553467,2.582467
0.09686345,79.79604
0.10379925,1.8153781
0.100766644,78.02064
0.090162374,2.5339797
0.091655776,1.4463141
0.105657116,2.1688943
0.08781144,1.9937077
0.08466866,2.1377425
0.082157075,1.72868
0.09303689,1.248693
0.08177705,1.8601758
0.093188986,2.6320674
0.093405016,2.296855
0.089388296,1.6701676
0.091813385,7.227153
0.09144376,3.1373167
0.08922827,2.2607706
0.09372219,3.011738
0.08517132,2.273798
0.08160058,1.5412942
0.08101775,2.3773298
0.0892199,1.8836861
0.10627365,5.1892853
0.079429656,2.0906959
0.08742115,2.1462398
0.08114987,1.7467731
0.08029616,1.6313577
0.08057591,4.8372273
0.08736849,2.9225786
0.09172346,1.4769034
0.09569204,80.19158
0.08278683,1.7060926
0.081134014,80.74341
0.078181736,79.38655
0.080992915,2.3771226
0.07752938,1.7868371
0.09004516,1.5632496
0.08195432,4.980043
0.07841395,80.40641
0.075438246,80.9111
0.076067984,1.8685006
0.08000772,79.92393
0.08080031,2.5361156
0.07379365,14.271955
0.0806858,2.2146237
0.07076268,2.127801
0.07425819,1.3276672
0.07693933,2.1544814
0.075714245,2.0972357
0.07373895,2.9876456
0.068038434,79.3017
0.07182616,2.0799265
0.080140576,1.9771855
0.06712575,78.69509
0.07711886,2.1569571
0.074467055,2.6731246
0.06719482,3.4656763
0.073523656,80.513756
0.07299757,1.9523069
0.07581559,1.6798103
0.07996005,79.32054
0.07134311,2.1478562
0.06470648,2.3722396
0.060627606,2.04277
0.07858814,168.00412
0.069765344,3.6732826
0.07187641,2.5682635
0.06524819,1.7709085
0.067959905,2.4259377
0.07046585,2.159367
0.06606718,2.344359
0.06576669,2.289566
0.06072676,2.1480823
0.0778967,1.6891751
0.07424016,21473.213
0.06579797,2.5688877
0.06815939,1.8571002
0.070152715,2.7604918
0.07174985,1.8286321
0.0695192,5.300677
0.07570987,1.8328437
0.0782534,1.8414793
0.068215385,2.2440453
0.0737026,14.301405
0.08663112,1.5151708
0.07099958,19.076733
0.06651199,3.6192298
0.07202055,2.5403886
0.0755036,2.4940627
0.06543242,2.378292
0.07192016,2.2245502
0.06532065,8.734149
0.054724976,1.9573704
0.06167203,1.4252532
0.074508026,1.9457595
0.061143253,2.3830066
0.06840895,4.480833
0.06390987,78.198975
0.06753248,2.3639665
0.06410878,2.990463
0.07204205,2.1083622
0.075745866,2.3007803
0.067404404,1.7750229
0.062884435,4.00998
0.07247481,4.3940816
0.06525336,157.10281
0.06161417,1.9033923
0.05193889,2.5732534
0.065953046,9.573752
0.0544563,2.8777623
0.0540838,3.1649208
0.056379687,2.5779047
0.058350816,2.0316744
0.04813086,79.232635
0.055834696,8.831031
0.05653826,2.0158553
0.05745361,1.2699802
0.07175946,2.6475601
0.061092194,6.8183994
0.04665184,3.0527751
0.055275068,5.665772
0.04783885,2.0756834
0.04720527,1.8832856
0.053273257,3.218994
0.042089455,2.8806348
0.051570073,5.10981
0.045361042,2.2317257
0.05336018,2.8295047
0.04951209,1.4152161
0.055560924,9.135641
0.05138479,78.14847
0.051473886,2.0152264
0.056207076,2.7053227
0.040590294,4.3888645
0.04315449,1.5782602
0.04165769,2.2029347
0.048749655,2.7045097
0.04754663,3.1415977
0.04259056,2.0875926
0.043653082,2.7249112
0.04044308,2.0252538
0.043482497,1.876459
0.049348712,1.9103733
0.044178486,2.8401797
0.036034897,14.470813
0.049322747,1.6943328
0.04246275,2.9375167
0.033975393,3.0033333
0.035806548,1.5269294
0.03410285,4.9240417
0.03817726,2.5450675
0.02898447,1.9573408
0.043806657,79.2068
0.029282201,3.274992
0.034326598,2.1356587
0.025271598,2.3704453
0.038225926,1.4123759
0.022585087,16.356934
0.029467288,21412.246
0.034237947,1.8247215
0.026766367,3.552027
0.050914463,2.4932754
0.029663527,4.793691
0.029204868,13.628123
0.026645318,2.7341433
0.028454186,3.3058934
0.04197844,3.1897783
0.034433395,3.5794635
0.025261011,2.1744645
0.02720843,3.1346822
0.029280983,2.285786
0.030544806,2.4386876
0.037375197,9.6614895
0.024014499,2.6410656
0.026484758,2.6561906
0.030975707,2.058971
0.016282368,9.7138405
0.026384238,1.2292755
0.02271894,2.312777
0.018393055,2.5776515
0.025559627,2.666029
0.025003422,2.6625366
0.024294008,1.4626608
0.020548481,2.7014818
0.026517574,2.4903758
0.024170326,2.6101222
0.015393628,2.5744278
0.032735728,79.859604
0.017086219,21395.236
0.019891316,3.1173291
0.017051961,2.3149607
0.02101481,19.925892
0.029108332,96.15172
0.015837315,2.5273602
0.013050327,4.867239
0.01524029,3.0906367
0.011038328,2.6392035
0.020201107,2.7610672
0.03134705,3.341061
0.013329988,2.8017702
0.014483952,79.77269
0.027105507,2.5772626
0.014823776,2.0605376
0.018478088,2.8860219
0.014110863,3.2054977
0.008376081,11.575842
0.0063788816,6.7035875
0.018422216,80.63185
0.012027692,2.5618567
0.009627661,2.7783341
0.007875255,3.3559356
0.017823137,2.6871526
0.016103256,8.107838
0.005223033,79.46708
0.010572365,2.8638697
0.008072005,1.8724833
0.010159843,2.9806113
0.0044380073,79.93797
0.006411483,81.03058
0.006008096,3.781871
0.010650342,2.8625965
